<?xml version="1.0" encoding="UTF-8"?>
<metadata xml:lang="en"><Esri><CreaDate>20190520</CreaDate><CreaTime>13180600</CreaTime><ArcGISFormat>1.0</ArcGISFormat><SyncOnce>TRUE</SyncOnce><DataProperties><lineage><Process ToolSource="c:\program files (x86)\arcgis\desktop10.6\ArcToolbox\Toolboxes\Data Management Tools.tbx\CalculateField" Date="20190520" Time="131806">CalculateField Pah_Line_Fish Density "[Nhat]/ [SHAPE_A]" VB #</Process></lineage><itemProps><itemLocation><linkage Sync="TRUE">file://\\RC-MSI-WS60\F$\MRA_2018\ShapefilesWith_MetricsV3_reaches_RC\Pah_Line_Fish</linkage><protocol Sync="TRUE">Local Area Network</protocol></itemLocation></itemProps><copyHistory><copy source="F:\MRA_2018\ShapefilesWith_MetricsV3_reaches_RC\ShapefilesWith_MetricsV3_reaches\Pah_Line_Fish" dest="\\RC-MSI-WS60\F$\MRA_2018\ShapefilesWith_MetricsV3_reaches_RC\Pah_Line_Fish" date="20200116" time="10532600"></copy></copyHistory></DataProperties></Esri></metadata>
