<?xml version="1.0" encoding="UTF-8"?>
<metadata xml:lang="en"><Esri><CreaDate>20200116</CreaDate><CreaTime>10533200</CreaTime><ArcGISFormat>1.0</ArcGISFormat><SyncOnce>TRUE</SyncOnce><DataProperties><itemProps><itemLocation><linkage Sync="TRUE">file://\\RC-MSI-WS60\F$\MRA_2018\ShapefilesWith_MetricsV3_reaches_RC\UL_Line_Fish</linkage><protocol Sync="TRUE">Local Area Network</protocol></itemLocation></itemProps><copyHistory><copy source="F:\MRA_2018\ShapefilesWith_MetricsV3_reaches_RC\ShapefilesWith_MetricsV3_reaches\UL_Line_Fish" dest="\\RC-MSI-WS60\F$\MRA_2018\ShapefilesWith_MetricsV3_reaches_RC\UL_Line_Fish" date="20200116" time="10533200"></copy></copyHistory></DataProperties></Esri></metadata>
