<?xml version="1.0" encoding="UTF-8"?>
<metadata xml:lang="en"><Esri><CreaDate>20190520</CreaDate><CreaTime>13232100</CreaTime><ArcGISFormat>1.0</ArcGISFormat><SyncOnce>TRUE</SyncOnce><DataProperties><lineage><Process ToolSource="c:\program files (x86)\arcgis\desktop10.6\ArcToolbox\Toolboxes\Data Management Tools.tbx\CalculateField" Date="20190520" Time="132321">CalculateField US_Poly_Fish Density "[Nhat]/ [SHAPE_A]" VB #</Process></lineage><itemProps><itemLocation><linkage Sync="TRUE">file://\\RC-MSI-WS60\F$\MRA_2018\ShapefilesWith_MetricsV3_reaches_RC\US_Poly_Fish</linkage><protocol Sync="TRUE">Local Area Network</protocol></itemLocation></itemProps><copyHistory><copy source="F:\MRA_2018\ShapefilesWith_MetricsV3_reaches_RC\ShapefilesWith_MetricsV3_reaches\US_Poly_Fish" dest="\\RC-MSI-WS60\F$\MRA_2018\ShapefilesWith_MetricsV3_reaches_RC\US_Poly_Fish" date="20200116" time="10533700"></copy></copyHistory></DataProperties></Esri></metadata>
